<?xml version="1.0" encoding="utf-8" standalone="yes"?><rss version="2.0" xmlns:atom="http://www.w3.org/2005/Atom" xmlns:content="http://purl.org/rss/1.0/modules/content/"><channel><title>สาระเซียน</title><link>https://jukejeew.github.io/sarazian/</link><description>Recent content on สาระเซียน</description><generator>Hugo -- 0.149.0</generator><language>th</language><lastBuildDate>Wed, 24 Sep 2025 13:24:20 +0700</lastBuildDate><atom:link href="https://jukejeew.github.io/sarazian/index.xml" rel="self" type="application/rss+xml"/><item><title>นักเรียนไทยกับ AI</title><link>https://jukejeew.github.io/sarazian/posts/thaistudentai/</link><pubDate>Wed, 24 Sep 2025 13:12:13 +0700</pubDate><guid>https://jukejeew.github.io/sarazian/posts/thaistudentai/</guid><description>สำรวจบทบาทของ AI ต่อการศึกษาไทย—จากห้องเรียนถึงโลกเศรษฐกิจ ว่าจะสร้างโอกาสหรือความเหลื่อมล้ำในอนาคต</description></item><item><title>About</title><link>https://jukejeew.github.io/sarazian/about/</link><pubDate>Mon, 01 Jan 0001 00:00:00 +0000</pubDate><guid>https://jukejeew.github.io/sarazian/about/</guid><description>&lt;h3 id="-ทกเรองราวมชวต"&gt;☕ ทุกเรื่องราวมีชีวิต&lt;/h3&gt;
&lt;p&gt;&lt;em&gt;สายวันอาทิตย์ ในฤดฝน กลาง&lt;strong&gt;ปี 2568&lt;/strong&gt;&lt;/em&gt;&lt;/p&gt;
&lt;p&gt;ThinkPad เก่าถูกเปิดขึ้นบนโต๊ะไม้เล็กๆ&lt;br&gt;
กลิ่นกาแฟจางๆ ลอยอวนอยู่ในโถง&lt;/p&gt;
&lt;p&gt;หน้าจอ Linux สว่างขึ้นกลางห้องเงียบ&lt;br&gt;
เพื่อบันทึกเรื่องราวที่ไหล&lt;br&gt;
มาตามอารมณ์ และมุมมอง&lt;/p&gt;
&lt;p&gt;สาระเซียนเกิดขึ้น เพื่อเล่าเรื่องธรรมดา&lt;br&gt;
ให้เห็นเส้นเชื่อมระหว่างธุรกิจ&lt;br&gt;
เศรษฐกิจ และวิถีชีวิตประจำวัน&lt;/p&gt;
&lt;p&gt;แต่ละบทความตั้งใจให้มีสาระพอคิดต่อ&lt;br&gt;
และนุ่มพอจะอ่านเพลิน&lt;br&gt;
เหมือนบทสนทนา ที่ไม่ต้องรีบร้อน&lt;/p&gt;
&lt;br&gt;
&lt;blockquote&gt;
&lt;p&gt;&lt;strong&gt;“&lt;strong&gt;เผื่อคุณจะได้อะไร&lt;/strong&gt;ติดมือกลับไป&lt;/strong&gt;&lt;br&gt;
&lt;strong&gt;… &lt;em&gt;นอกจากรอยยิ้ม &amp;hellip;&lt;/em&gt;”&lt;/strong&gt;&lt;/p&gt;&lt;/blockquote&gt;</description></item></channel></rss>