<?xml version="1.0" encoding="utf-8" standalone="yes"?><rss version="2.0" xmlns:atom="http://www.w3.org/2005/Atom" xmlns:content="http://purl.org/rss/1.0/modules/content/"><channel><title>Series on สาระเซียน — ทุกเรื่องราวมีชีวิต</title><link>https://jukejeew.github.io/sarazian/series/</link><description>Recent content in Series on สาระเซียน — ทุกเรื่องราวมีชีวิต</description><generator>Hugo -- 0.149.0</generator><language>th</language><atom:link href="https://jukejeew.github.io/sarazian/series/index.xml" rel="self" type="application/rss+xml"/></channel></rss>