<?xml version="1.0" encoding="utf-8" standalone="yes"?><rss version="2.0" xmlns:atom="http://www.w3.org/2005/Atom" xmlns:content="http://purl.org/rss/1.0/modules/content/"><channel><title>สาระเซียน — ทุกเรื่องราวมีชีวิต</title><link>https://jukejeew.github.io/sarazian/</link><description>Recent content on สาระเซียน — ทุกเรื่องราวมีชีวิต</description><generator>Hugo -- 0.149.0</generator><language>th</language><lastBuildDate>Thu, 28 Aug 2025 00:00:00 +0000</lastBuildDate><atom:link href="https://jukejeew.github.io/sarazian/index.xml" rel="self" type="application/rss+xml"/><item><title>ต้นเหมือน / ปลายต่าง</title><link>https://jukejeew.github.io/sarazian/posts/ton-meuan-plai-tang-revised/</link><pubDate>Thu, 28 Aug 2025 00:00:00 +0000</pubDate><guid>https://jukejeew.github.io/sarazian/posts/ton-meuan-plai-tang-revised/</guid><description>&lt;!---
# ต้นเหมือน / ปลายต่าง
---&gt;
&lt;p&gt;เช้าวันนี้ที่บ้านปลายนา&lt;br&gt;
ลมเย็นลอยผ่านยอดข้าวแผ่ว ๆ&lt;br&gt;
ราวมือน้อย ๆ ที่โอบกอดอย่างอบอุ่น&lt;/p&gt;
&lt;p&gt;แก้วกาแฟถูกวางข้างโน้ตบุ๊กสีดำเล็ก ๆ&lt;br&gt;
ThinkPad X220 เครื่องเก่า ปี 2012&lt;br&gt;
วันนี้อายุครบ 13 ปีแล้ว&lt;br&gt;
ไม่น้อยเลยสำหรับโลกเทคโนโลยี&lt;/p&gt;
&lt;p&gt;ถัดออกมาไม่ไกล&lt;br&gt;
HP ProBook 4431s รุ่นราวคราวเดียวกัน&lt;br&gt;
ทอดตัวนิ่งอยู่ตรงนั้น&lt;br&gt;
ผิวเงาวาว ดูพรีเมียม หนักแน่น&lt;/p&gt;
&lt;p&gt;แต่กว่าจะถึงวันนี้&lt;br&gt;
เจ้า X220 ผ่านร้อนฝน ล่องใต้ ขึ้นเหนือ&lt;br&gt;
ประหนึ่งนักเดินทางที่แบกเรื่องราวไว้เต็มกาย&lt;br&gt;
ร่องรอยบาดแผลคือหลักฐานของการผจญภัย&lt;/p&gt;
&lt;p&gt;ขณะที่ ProBook 4431s&lt;br&gt;
ยังคงเนี๊ยบเหมือนคุณนายในสำนักงาน&lt;br&gt;
คีย์บอร์ดแทบไร้รอยสัมผัส&lt;br&gt;
สะอาด สงบ… แต่แฝงความว่างเปล่า&lt;/p&gt;
&lt;p&gt;ทั้งคู่เกิดในเวลาไล่เลี่ยกัน&lt;br&gt;
แต่เส้นทางกลับต่างกันราวฟ้ากับดิน&lt;/p&gt;
&lt;p&gt;ThinkPad X220&lt;br&gt;
ยังเป็นตำนานที่มีชีวิต&lt;br&gt;
อะไหล่หาง่าย&lt;br&gt;
ตลาดแลกเปลี่ยนคึกคัก&lt;br&gt;
ชุมชนผู้ใช้ยังเหนียวแน่น&lt;/p&gt;
&lt;p&gt;ส่วน ProBook 4431s&lt;br&gt;
ที่เปิดตัวด้วยราคาสูงและรูปลักษณ์พรีเมียม&lt;br&gt;
กลับสะดุดด้วยโครงสร้างและเฟิร์มแวร์&lt;br&gt;
จนผู้ใช้จำนวนมากถอดใจ&lt;/p&gt;
&lt;p&gt;ผลลัพธ์ก็คือ&lt;br&gt;
ยี่ห้อหนึ่งยังคงหายใจ&lt;br&gt;
อีกยี่ห้อกลับเหลือเพียงเงาเก่า&lt;br&gt;
ที่ค่อย ๆ เลือนหายไป&lt;/p&gt;
&lt;p&gt;และนี่อาจเป็นบทเรียนเล็ก ๆ&lt;br&gt;
ในชั้นเรียนเศรษฐศาสตร์ใกล้ตัว—&lt;/p&gt;</description></item><item><title/><link>https://jukejeew.github.io/sarazian/draft-tonmean/</link><pubDate>Mon, 01 Jan 0001 00:00:00 +0000</pubDate><guid>https://jukejeew.github.io/sarazian/draft-tonmean/</guid><description>&lt;h1 id="ตนเหมอนปลายตาง"&gt;ต้นเหมือน/ปลายต่าง&lt;/h1&gt;
&lt;p&gt;​ เช้าวันนี้ที่บ้านปลายนา&lt;/p&gt;
&lt;p&gt;ลมเย็นลอยผ่านยอดข้าวแผ่วๆ ราวมือน้อยๆ ที่โอบกอดอย่างอบอุ่น&lt;/p&gt;
&lt;p&gt;แก้วกาแฟถูกจับวางข้างโน๊ตบุ๊คตัวเล็กสีดำ&lt;/p&gt;
&lt;p&gt;ThinkPad x220 เครื่องเก่า ตั้งแต่ปี 2012 วันนี้อายุ 13 ปีแล้ว ไม่น้อยเลยสำหรับโลกเทคโนโลยี&lt;/p&gt;
&lt;p&gt;ถัดออกมาไม่ไกลกันนัก เครื่อง HP ProBook 4431s อายุอานามพอๆ กัน วางทอดอยู่ ตัวเครื่องที่เงา มันวาว มีความพรีเมี่ยม หนักแน่น&lt;/p&gt;
&lt;p&gt;กว่าจะมาถึงวันนี้ เจ้า x220 ผ่านร้อนหนาวมากมาย เดินทางขึ้นเหนือ ล่องใต้ผาดโผนทั่วประเทศ ประหนึ่งตัวมันเป็นนักเดินทางเสียเอง ร่องรอยบาดแผลมีบ้างประปรายประสาผู้ผจญภัย&lt;/p&gt;
&lt;p&gt;หันมามองเจ้า ProBook 4331s นี่ก็มากด้วยอายุ แต่มีชีวิตดุจคุณนายแห่งสำนักงาน คีย์บอร์ดของเธอแทบไร้รอยสัมผัส&lt;/p&gt;
&lt;p&gt;ถึงจะออกสู่ตลาดในเวลาไล่เลี่ยกัน แต่เส้นทางของทั้งสองต่างกันราวฟ้ากับดิน ThinkPad x220 กลายเป็นตำนานที่ยังมีคนสนใจค่อนข้างมาก ชิ้นส่วนอะไหล่ยังหาได้ง่าย มีตลาดซื้อ-ขาย แลกเปลี่ยนจนถึงทุกวันนี้&lt;/p&gt;
&lt;p&gt;ขณะที่ ProBook 4431s ที่เปิดตัวด้วยรูปลักษณ์พรีเมี่ยม ราคาที่สูงมาก กลับมีจุดอ่อนทางโครงสร้างและเฟิร์มแวร์ทำให้ผู้ใช้จำนวนมากถอดใจ&lt;/p&gt;
&lt;p&gt;ผลลัพธ์คือ ยี่ห้อหนึ่งกลายเป็นตำนานที่ยังมีลมหายใจ ส่วนอีกยี่ห้อเป็นได้แค่เพียงของเก่าจากอดีต และค่อยๆ เลือนหายไป&lt;/p&gt;
&lt;p&gt;บางทีนี่ก็เป็นบทเรียนหนึ่งในชั้นเรียนวิชาเศรษฐศาสตร์ที่ซ่อนอยู่ในของใช้ &lt;strong&gt;“ใกล้ตัว”&lt;/strong&gt; ความทนทานสร้างตลาดรอง สร้างชุมชน สร้างคุณค่าในระยะยาว ขณะที่ความหรูหราอาจไม่ได้บ่งชี้อนาคตที่ชัดเจนของตัวมันเอง&lt;/p&gt;
&lt;blockquote&gt;
&lt;p&gt;บางอย่างเกิดมาเพื่อสร้างตำนาน แต่อีกหลายๆ อย่างมีไว้เพื่อให้เห็นสัจจธรรม&lt;/p&gt;</description></item></channel></rss>