[{"content":" เช้าวันนี้ที่บ้านปลายนา\nลมเย็นลอยผ่านยอดข้าวแผ่ว ๆ\nราวมือน้อย ๆ ที่โอบกอดอย่างอบอุ่น\nแก้วกาแฟถูกวางข้างโน้ตบุ๊กสีดำเล็ก ๆ\nThinkPad X220 เครื่องเก่า ปี 2012\nวันนี้อายุครบ 13 ปีแล้ว\nไม่น้อยเลยสำหรับโลกเทคโนโลยี\nถัดออกมาไม่ไกล\nHP ProBook 4431s รุ่นราวคราวเดียวกัน\nทอดตัวนิ่งอยู่ตรงนั้น\nผิวเงาวาว ดูพรีเมียม หนักแน่น\nแต่กว่าจะถึงวันนี้\nเจ้า X220 ผ่านร้อนฝน ล่องใต้ ขึ้นเหนือ\nประหนึ่งนักเดินทางที่แบกเรื่องราวไว้เต็มกาย\nร่องรอยบาดแผลคือหลักฐานของการผจญภัย\nขณะที่ ProBook 4431s\nยังคงเนี๊ยบเหมือนคุณนายในสำนักงาน\nคีย์บอร์ดแทบไร้รอยสัมผัส\nสะอาด สงบ… แต่แฝงความว่างเปล่า\nทั้งคู่เกิดในเวลาไล่เลี่ยกัน\nแต่เส้นทางกลับต่างกันราวฟ้ากับดิน\nThinkPad X220\nยังเป็นตำนานที่มีชีวิต\nอะไหล่หาง่าย\nตลาดแลกเปลี่ยนคึกคัก\nชุมชนผู้ใช้ยังเหนียวแน่น\nส่วน ProBook 4431s\nที่เปิดตัวด้วยราคาสูงและรูปลักษณ์พรีเมียม\nกลับสะดุดด้วยโครงสร้างและเฟิร์มแวร์\nจนผู้ใช้จำนวนมากถอดใจ\nผลลัพธ์ก็คือ\nยี่ห้อหนึ่งยังคงหายใจ\nอีกยี่ห้อกลับเหลือเพียงเงาเก่า\nที่ค่อย ๆ เลือนหายไป\nและนี่อาจเป็นบทเรียนเล็ก ๆ\nในชั้นเรียนเศรษฐศาสตร์ใกล้ตัว—\nความทนทาน คือการลงทุนที่ยืดอายุคุณค่า\nสร้างตลาดรอง\nสร้างชุมชน\nและสร้างความหมายระยะยาว\nขณะที่ ความหรูหราเพียงเปลือก\nไม่อาจรับประกันอนาคตที่ยืนหยัดได้\nเหมือนชีวิตเราเช่นกัน—\nสิ่งที่ยืนยาวจริง\nไม่ใช่สิ่งที่เงาวับในวันแรก\nบางอย่างเกิดมาเพื่อสร้างตำนาน\nหลายสิ่งมีไว้เพื่อสะท้อนสัจธรรม\n","permalink":"https://jukejeew.github.io/sarazian/posts/ton-meuan-plai-tang-revised/","summary":"\u003c!---\n # ต้นเหมือน / ปลายต่าง  \n---\u003e\n\u003cp\u003eเช้าวันนี้ที่บ้านปลายนา\u003cbr\u003e\nลมเย็นลอยผ่านยอดข้าวแผ่ว ๆ\u003cbr\u003e\nราวมือน้อย ๆ ที่โอบกอดอย่างอบอุ่น\u003c/p\u003e\n\u003cp\u003eแก้วกาแฟถูกวางข้างโน้ตบุ๊กสีดำเล็ก ๆ\u003cbr\u003e\nThinkPad X220 เครื่องเก่า ปี 2012\u003cbr\u003e\nวันนี้อายุครบ 13 ปีแล้ว\u003cbr\u003e\nไม่น้อยเลยสำหรับโลกเทคโนโลยี\u003c/p\u003e\n\u003cp\u003eถัดออกมาไม่ไกล\u003cbr\u003e\nHP ProBook 4431s รุ่นราวคราวเดียวกัน\u003cbr\u003e\nทอดตัวนิ่งอยู่ตรงนั้น\u003cbr\u003e\nผิวเงาวาว ดูพรีเมียม หนักแน่น\u003c/p\u003e\n\u003cp\u003eแต่กว่าจะถึงวันนี้\u003cbr\u003e\nเจ้า X220 ผ่านร้อนฝน ล่องใต้ ขึ้นเหนือ\u003cbr\u003e\nประหนึ่งนักเดินทางที่แบกเรื่องราวไว้เต็มกาย\u003cbr\u003e\nร่องรอยบาดแผลคือหลักฐานของการผจญภัย\u003c/p\u003e\n\u003cp\u003eขณะที่ ProBook 4431s\u003cbr\u003e\nยังคงเนี๊ยบเหมือนคุณนายในสำนักงาน\u003cbr\u003e\nคีย์บอร์ดแทบไร้รอยสัมผัส\u003cbr\u003e\nสะอาด สงบ… แต่แฝงความว่างเปล่า\u003c/p\u003e\n\u003cp\u003eทั้งคู่เกิดในเวลาไล่เลี่ยกัน\u003cbr\u003e\nแต่เส้นทางกลับต่างกันราวฟ้ากับดิน\u003c/p\u003e\n\u003cp\u003eThinkPad X220\u003cbr\u003e\nยังเป็นตำนานที่มีชีวิต\u003cbr\u003e\nอะไหล่หาง่าย\u003cbr\u003e\nตลาดแลกเปลี่ยนคึกคัก\u003cbr\u003e\nชุมชนผู้ใช้ยังเหนียวแน่น\u003c/p\u003e\n\u003cp\u003eส่วน ProBook 4431s\u003cbr\u003e\nที่เปิดตัวด้วยราคาสูงและรูปลักษณ์พรีเมียม\u003cbr\u003e\nกลับสะดุดด้วยโครงสร้างและเฟิร์มแวร์\u003cbr\u003e\nจนผู้ใช้จำนวนมากถอดใจ\u003c/p\u003e\n\u003cp\u003eผลลัพธ์ก็คือ\u003cbr\u003e\nยี่ห้อหนึ่งยังคงหายใจ\u003cbr\u003e\nอีกยี่ห้อกลับเหลือเพียงเงาเก่า\u003cbr\u003e\nที่ค่อย ๆ เลือนหายไป\u003c/p\u003e\n\u003cp\u003eและนี่อาจเป็นบทเรียนเล็ก ๆ\u003cbr\u003e\nในชั้นเรียนเศรษฐศาสตร์ใกล้ตัว—\u003c/p\u003e","title":"ต้นเหมือน / ปลายต่าง"},{"content":"ต้นเหมือน/ปลายต่าง ​\tเช้าวันนี้ที่บ้านปลายนา\nลมเย็นลอยผ่านยอดข้าวแผ่วๆ ราวมือน้อยๆ ที่โอบกอดอย่างอบอุ่น\nแก้วกาแฟถูกจับวางข้างโน๊ตบุ๊คตัวเล็กสีดำ\nThinkPad x220 เครื่องเก่า ตั้งแต่ปี 2012 วันนี้อายุ 13 ปีแล้ว ไม่น้อยเลยสำหรับโลกเทคโนโลยี\nถัดออกมาไม่ไกลกันนัก เครื่อง HP ProBook 4431s อายุอานามพอๆ กัน วางทอดอยู่ ตัวเครื่องที่เงา มันวาว มีความพรีเมี่ยม หนักแน่น\nกว่าจะมาถึงวันนี้ เจ้า x220 ผ่านร้อนหนาวมากมาย เดินทางขึ้นเหนือ ล่องใต้ผาดโผนทั่วประเทศ ประหนึ่งตัวมันเป็นนักเดินทางเสียเอง ร่องรอยบาดแผลมีบ้างประปรายประสาผู้ผจญภัย\nหันมามองเจ้า ProBook 4331s นี่ก็มากด้วยอายุ แต่มีชีวิตดุจคุณนายแห่งสำนักงาน คีย์บอร์ดของเธอแทบไร้รอยสัมผัส\nถึงจะออกสู่ตลาดในเวลาไล่เลี่ยกัน แต่เส้นทางของทั้งสองต่างกันราวฟ้ากับดิน ThinkPad x220 กลายเป็นตำนานที่ยังมีคนสนใจค่อนข้างมาก ชิ้นส่วนอะไหล่ยังหาได้ง่าย มีตลาดซื้อ-ขาย แลกเปลี่ยนจนถึงทุกวันนี้\nขณะที่ ProBook 4431s ที่เปิดตัวด้วยรูปลักษณ์พรีเมี่ยม ราคาที่สูงมาก กลับมีจุดอ่อนทางโครงสร้างและเฟิร์มแวร์ทำให้ผู้ใช้จำนวนมากถอดใจ\nผลลัพธ์คือ ยี่ห้อหนึ่งกลายเป็นตำนานที่ยังมีลมหายใจ ส่วนอีกยี่ห้อเป็นได้แค่เพียงของเก่าจากอดีต และค่อยๆ เลือนหายไป\nบางทีนี่ก็เป็นบทเรียนหนึ่งในชั้นเรียนวิชาเศรษฐศาสตร์ที่ซ่อนอยู่ในของใช้ “ใกล้ตัว” ความทนทานสร้างตลาดรอง สร้างชุมชน สร้างคุณค่าในระยะยาว ขณะที่ความหรูหราอาจไม่ได้บ่งชี้อนาคตที่ชัดเจนของตัวมันเอง\nบางอย่างเกิดมาเพื่อสร้างตำนาน แต่อีกหลายๆ อย่างมีไว้เพื่อให้เห็นสัจจธรรม\n","permalink":"https://jukejeew.github.io/sarazian/draft-tonmean/","summary":"\u003ch1 id=\"ตนเหมอนปลายตาง\"\u003eต้นเหมือน/ปลายต่าง\u003c/h1\u003e\n\u003cp\u003e​\tเช้าวันนี้ที่บ้านปลายนา\u003c/p\u003e\n\u003cp\u003eลมเย็นลอยผ่านยอดข้าวแผ่วๆ  ราวมือน้อยๆ ที่โอบกอดอย่างอบอุ่น\u003c/p\u003e\n\u003cp\u003eแก้วกาแฟถูกจับวางข้างโน๊ตบุ๊คตัวเล็กสีดำ\u003c/p\u003e\n\u003cp\u003eThinkPad x220 เครื่องเก่า ตั้งแต่ปี 2012 วันนี้อายุ 13 ปีแล้ว ไม่น้อยเลยสำหรับโลกเทคโนโลยี\u003c/p\u003e\n\u003cp\u003eถัดออกมาไม่ไกลกันนัก เครื่อง HP ProBook 4431s อายุอานามพอๆ กัน วางทอดอยู่ ตัวเครื่องที่เงา มันวาว มีความพรีเมี่ยม หนักแน่น\u003c/p\u003e\n\u003cp\u003eกว่าจะมาถึงวันนี้ เจ้า x220 ผ่านร้อนหนาวมากมาย เดินทางขึ้นเหนือ ล่องใต้ผาดโผนทั่วประเทศ ประหนึ่งตัวมันเป็นนักเดินทางเสียเอง ร่องรอยบาดแผลมีบ้างประปรายประสาผู้ผจญภัย\u003c/p\u003e\n\u003cp\u003eหันมามองเจ้า ProBook 4331s นี่ก็มากด้วยอายุ แต่มีชีวิตดุจคุณนายแห่งสำนักงาน คีย์บอร์ดของเธอแทบไร้รอยสัมผัส\u003c/p\u003e\n\u003cp\u003eถึงจะออกสู่ตลาดในเวลาไล่เลี่ยกัน แต่เส้นทางของทั้งสองต่างกันราวฟ้ากับดิน ThinkPad x220 กลายเป็นตำนานที่ยังมีคนสนใจค่อนข้างมาก ชิ้นส่วนอะไหล่ยังหาได้ง่าย มีตลาดซื้อ-ขาย แลกเปลี่ยนจนถึงทุกวันนี้\u003c/p\u003e\n\u003cp\u003eขณะที่ ProBook 4431s ที่เปิดตัวด้วยรูปลักษณ์พรีเมี่ยม ราคาที่สูงมาก กลับมีจุดอ่อนทางโครงสร้างและเฟิร์มแวร์ทำให้ผู้ใช้จำนวนมากถอดใจ\u003c/p\u003e\n\u003cp\u003eผลลัพธ์คือ ยี่ห้อหนึ่งกลายเป็นตำนานที่ยังมีลมหายใจ ส่วนอีกยี่ห้อเป็นได้แค่เพียงของเก่าจากอดีต และค่อยๆ เลือนหายไป\u003c/p\u003e\n\u003cp\u003eบางทีนี่ก็เป็นบทเรียนหนึ่งในชั้นเรียนวิชาเศรษฐศาสตร์ที่ซ่อนอยู่ในของใช้ \u003cstrong\u003e“ใกล้ตัว”\u003c/strong\u003e ความทนทานสร้างตลาดรอง สร้างชุมชน สร้างคุณค่าในระยะยาว ขณะที่ความหรูหราอาจไม่ได้บ่งชี้อนาคตที่ชัดเจนของตัวมันเอง\u003c/p\u003e\n\u003cblockquote\u003e\n\u003cp\u003eบางอย่างเกิดมาเพื่อสร้างตำนาน แต่อีกหลายๆ อย่างมีไว้เพื่อให้เห็นสัจจธรรม\u003c/p\u003e","title":""}]