<?xml version="1.0" encoding="utf-8" standalone="yes"?><rss version="2.0" xmlns:atom="http://www.w3.org/2005/Atom" xmlns:content="http://purl.org/rss/1.0/modules/content/"><channel><title>Categories on สาระเซียน — ทุกเรื่องราวมีชีวิต</title><link>https://jukejeew.github.io/sarazian/categories/</link><description>Recent content in Categories on สาระเซียน — ทุกเรื่องราวมีชีวิต</description><generator>Hugo -- 0.149.0</generator><language>th</language><lastBuildDate>Thu, 28 Aug 2025 00:00:00 +0000</lastBuildDate><atom:link href="https://jukejeew.github.io/sarazian/categories/index.xml" rel="self" type="application/rss+xml"/><item><title>ธุรกิจ-เศรษฐกิจ-ไลฟ์สไตล์</title><link>https://jukejeew.github.io/sarazian/categories/%E0%B8%98%E0%B8%B8%E0%B8%A3%E0%B8%81%E0%B8%B4%E0%B8%88-%E0%B9%80%E0%B8%A8%E0%B8%A3%E0%B8%A9%E0%B8%90%E0%B8%81%E0%B8%B4%E0%B8%88-%E0%B9%84%E0%B8%A5%E0%B8%9F%E0%B9%8C%E0%B8%AA%E0%B9%84%E0%B8%95%E0%B8%A5%E0%B9%8C/</link><pubDate>Thu, 28 Aug 2025 00:00:00 +0000</pubDate><guid>https://jukejeew.github.io/sarazian/categories/%E0%B8%98%E0%B8%B8%E0%B8%A3%E0%B8%81%E0%B8%B4%E0%B8%88-%E0%B9%80%E0%B8%A8%E0%B8%A3%E0%B8%A9%E0%B8%90%E0%B8%81%E0%B8%B4%E0%B8%88-%E0%B9%84%E0%B8%A5%E0%B8%9F%E0%B9%8C%E0%B8%AA%E0%B9%84%E0%B8%95%E0%B8%A5%E0%B9%8C/</guid><description/></item><item><title>เล่าเรื่อง</title><link>https://jukejeew.github.io/sarazian/categories/%E0%B9%80%E0%B8%A5%E0%B9%88%E0%B8%B2%E0%B9%80%E0%B8%A3%E0%B8%B7%E0%B9%88%E0%B8%AD%E0%B8%87/</link><pubDate>Thu, 28 Aug 2025 00:00:00 +0000</pubDate><guid>https://jukejeew.github.io/sarazian/categories/%E0%B9%80%E0%B8%A5%E0%B9%88%E0%B8%B2%E0%B9%80%E0%B8%A3%E0%B8%B7%E0%B9%88%E0%B8%AD%E0%B8%87/</guid><description/></item></channel></rss>