<?xml version="1.0" encoding="utf-8" standalone="yes"?><rss version="2.0" xmlns:atom="http://www.w3.org/2005/Atom" xmlns:content="http://purl.org/rss/1.0/modules/content/"><channel><title>Value-for-Money on สาระเซียน — ทุกเรื่องราวมีชีวิต</title><link>https://jukejeew.github.io/sarazian/tags/value-for-money/</link><description>Recent content in Value-for-Money on สาระเซียน — ทุกเรื่องราวมีชีวิต</description><generator>Hugo -- 0.149.0</generator><language>th</language><lastBuildDate>Thu, 28 Aug 2025 00:00:00 +0000</lastBuildDate><atom:link href="https://jukejeew.github.io/sarazian/tags/value-for-money/index.xml" rel="self" type="application/rss+xml"/><item><title>ต้นเหมือน / ปลายต่าง</title><link>https://jukejeew.github.io/sarazian/posts/ton-meuan-plai-tang-revised/</link><pubDate>Thu, 28 Aug 2025 00:00:00 +0000</pubDate><guid>https://jukejeew.github.io/sarazian/posts/ton-meuan-plai-tang-revised/</guid><description>&lt;!---
# ต้นเหมือน / ปลายต่าง
---&gt;
&lt;p&gt;เช้าวันนี้ที่บ้านปลายนา&lt;br&gt;
ลมเย็นลอยผ่านยอดข้าวแผ่ว ๆ&lt;br&gt;
ราวมือน้อย ๆ ที่โอบกอดอย่างอบอุ่น&lt;/p&gt;
&lt;p&gt;แก้วกาแฟถูกวางข้างโน้ตบุ๊กสีดำเล็ก ๆ&lt;br&gt;
ThinkPad X220 เครื่องเก่า ปี 2012&lt;br&gt;
วันนี้อายุครบ 13 ปีแล้ว&lt;br&gt;
ไม่น้อยเลยสำหรับโลกเทคโนโลยี&lt;/p&gt;
&lt;p&gt;ถัดออกมาไม่ไกล&lt;br&gt;
HP ProBook 4431s รุ่นราวคราวเดียวกัน&lt;br&gt;
ทอดตัวนิ่งอยู่ตรงนั้น&lt;br&gt;
ผิวเงาวาว ดูพรีเมียม หนักแน่น&lt;/p&gt;
&lt;p&gt;แต่กว่าจะถึงวันนี้&lt;br&gt;
เจ้า X220 ผ่านร้อนฝน ล่องใต้ ขึ้นเหนือ&lt;br&gt;
ประหนึ่งนักเดินทางที่แบกเรื่องราวไว้เต็มกาย&lt;br&gt;
ร่องรอยบาดแผลคือหลักฐานของการผจญภัย&lt;/p&gt;
&lt;p&gt;ขณะที่ ProBook 4431s&lt;br&gt;
ยังคงเนี๊ยบเหมือนคุณนายในสำนักงาน&lt;br&gt;
คีย์บอร์ดแทบไร้รอยสัมผัส&lt;br&gt;
สะอาด สงบ… แต่แฝงความว่างเปล่า&lt;/p&gt;
&lt;p&gt;ทั้งคู่เกิดในเวลาไล่เลี่ยกัน&lt;br&gt;
แต่เส้นทางกลับต่างกันราวฟ้ากับดิน&lt;/p&gt;
&lt;p&gt;ThinkPad X220&lt;br&gt;
ยังเป็นตำนานที่มีชีวิต&lt;br&gt;
อะไหล่หาง่าย&lt;br&gt;
ตลาดแลกเปลี่ยนคึกคัก&lt;br&gt;
ชุมชนผู้ใช้ยังเหนียวแน่น&lt;/p&gt;
&lt;p&gt;ส่วน ProBook 4431s&lt;br&gt;
ที่เปิดตัวด้วยราคาสูงและรูปลักษณ์พรีเมียม&lt;br&gt;
กลับสะดุดด้วยโครงสร้างและเฟิร์มแวร์&lt;br&gt;
จนผู้ใช้จำนวนมากถอดใจ&lt;/p&gt;
&lt;p&gt;ผลลัพธ์ก็คือ&lt;br&gt;
ยี่ห้อหนึ่งยังคงหายใจ&lt;br&gt;
อีกยี่ห้อกลับเหลือเพียงเงาเก่า&lt;br&gt;
ที่ค่อย ๆ เลือนหายไป&lt;/p&gt;
&lt;p&gt;และนี่อาจเป็นบทเรียนเล็ก ๆ&lt;br&gt;
ในชั้นเรียนเศรษฐศาสตร์ใกล้ตัว—&lt;/p&gt;</description></item></channel></rss>