<?xml version="1.0" encoding="utf-8" standalone="yes"?><rss version="2.0" xmlns:atom="http://www.w3.org/2005/Atom" xmlns:content="http://purl.org/rss/1.0/modules/content/"><channel><title>Tags on สาระเซียน — ทุกเรื่องราวมีชีวิต</title><link>https://jukejeew.github.io/sarazian/tags/</link><description>Recent content in Tags on สาระเซียน — ทุกเรื่องราวมีชีวิต</description><generator>Hugo -- 0.149.0</generator><language>th</language><lastBuildDate>Thu, 28 Aug 2025 00:00:00 +0000</lastBuildDate><atom:link href="https://jukejeew.github.io/sarazian/tags/index.xml" rel="self" type="application/rss+xml"/><item><title>ProBook</title><link>https://jukejeew.github.io/sarazian/tags/probook/</link><pubDate>Thu, 28 Aug 2025 00:00:00 +0000</pubDate><guid>https://jukejeew.github.io/sarazian/tags/probook/</guid><description/></item><item><title>ThinkPad</title><link>https://jukejeew.github.io/sarazian/tags/thinkpad/</link><pubDate>Thu, 28 Aug 2025 00:00:00 +0000</pubDate><guid>https://jukejeew.github.io/sarazian/tags/thinkpad/</guid><description/></item><item><title>Value-for-Money</title><link>https://jukejeew.github.io/sarazian/tags/value-for-money/</link><pubDate>Thu, 28 Aug 2025 00:00:00 +0000</pubDate><guid>https://jukejeew.github.io/sarazian/tags/value-for-money/</guid><description/></item></channel></rss>