<?xml version="1.0" encoding="utf-8" standalone="yes"?><rss version="2.0" xmlns:atom="http://www.w3.org/2005/Atom" xmlns:content="http://purl.org/rss/1.0/modules/content/"><channel><title>Posts on สาระเซียน</title><link>https://jukejeew.github.io/sarazian/posts/</link><description>Recent content in Posts on สาระเซียน</description><generator>Hugo -- 0.149.0</generator><language>th</language><lastBuildDate>Wed, 24 Sep 2025 13:24:20 +0700</lastBuildDate><atom:link href="https://jukejeew.github.io/sarazian/posts/index.xml" rel="self" type="application/rss+xml"/><item><title>นักเรียนไทยกับ AI</title><link>https://jukejeew.github.io/sarazian/posts/thaistudentai/</link><pubDate>Wed, 24 Sep 2025 13:12:13 +0700</pubDate><guid>https://jukejeew.github.io/sarazian/posts/thaistudentai/</guid><description>สำรวจบทบาทของ AI ต่อการศึกษาไทย—จากห้องเรียนถึงโลกเศรษฐกิจ ว่าจะสร้างโอกาสหรือความเหลื่อมล้ำในอนาคต</description></item></channel></rss>